,p,mean,std,unvax_aerosol,vax_aerosol
0,0.7,0.03203705116348482,0.025663319814457814,0.0007276071888464929,0.00020736804882125052
1,0.75,0.024091072558338127,0.01938436937431244,0.0006841946989567476,0.00019499548920267308
2,0.8,0.019047601573276278,0.01836051491198179,0.0006043717336756026,0.00017224594409754676
3,0.85,0.016130247353461104,0.01806237827621808,0.0005343515886921422,0.00015229020277726055
4,0.9,0.004708015244326964,0.003937857326515232,0.00046433144370868184,0.00013233446145697434
5,0.95,0.0028555884706260876,0.0016373281460535952,0.0002948826928487076,8.404156746188167e-05
6,1.0,0.0027059757444335875,0.0014581117962133017,0.0002948826928487076,8.404156746188167e-05
