,p,mean,std,unvax_aerosol,vax_aerosol
0,0.7,0.0738463812994933,0.04511829947189418,0.00044089537517127514,0.00012565518192381343
1,0.75,0.06524330217350457,0.0460354159407825,0.0003955622911898121,0.00011273525298909645
2,0.8,0.05254980329832827,0.040377716424385326,0.0003584715861140696,0.00010216440204250986
3,0.85,0.04398463023076491,0.03660441320454975,0.00033127173572519177,9.441244468167967e-05
4,0.9,0.03483190667423014,0.031195850887167368,0.0002950052685400213,8.407650153390608e-05
5,0.95,0.02492022189330934,0.022493327227589975,0.00024225404354340975,6.904240240987179e-05
6,1.0,0.014180955879191959,0.004170915033926659,0.00017136958495421302,4.884033171195071e-05
