,p,mean,std,unvax_aerosol
0,0.7,0.02479694020489989,0.013141104867826808,0.0007945902004921055
1,0.75,0.021945319407197524,0.012182499876312146,0.0007658975999054798
2,0.8,0.018304579065735516,0.011282529212936697,0.0006877899649752208
3,0.85,0.015461430538825453,0.010118982207314532,0.0006304047638019694
4,0.9,0.012248931003405824,0.008354322453462652,0.0005618613290672523
5,0.95,0.00884825413145214,0.006097636198309528,0.00045984319364813847
6,1.0,0.0056638048539366945,0.00032168987860492693,0.00033710262447201727
