,p,mean,std,unvax_aerosol
0,0.7,0.035345632547008704,0.017745614055696236,0.0012987227482580772
1,0.75,0.03140180184260465,0.01645824346112909,0.001260010556325668
2,0.8,0.02638798884144393,0.015315105358158387,0.001136131542141958
3,0.85,0.021642688438479277,0.013492463304722415,0.001009671715162754
4,0.9,0.01743422909926877,0.01127518644067149,0.0009116008289339839
5,0.95,0.01257537998160278,0.008002371932626358,0.0007490096228178647
6,1.0,0.008438144499652028,0.00020560737003950602,0.000558029475951312
