,p,mean,std,unvax_aerosol
0,0.7,0.21080513167176734,0.09421205601166988,0.007867867404075768
1,0.75,0.1849466322798909,0.08799742671992544,0.007540769368072873
2,0.8,0.1614519536932557,0.08142857422572822,0.007091009568568894
3,0.85,0.1420204855123458,0.07537146546912095,0.00669576610839873
4,0.9,0.10990567764207347,0.06156137261016652,0.005864391933558041
5,0.95,0.08090271098887884,0.04514630722764612,0.004896726910382812
6,1.0,0.05579483242036048,0.0010883417216519654,0.003820029208539951
