,p,mean,std,unvax_aerosol
0,0.7,0.011827393300432362,0.007977433131877402,0.0
1,0.75,0.010415354465238131,0.00739767099752328,0.0
2,0.8,0.009215990331416762,0.006851775690113337,0.0
3,0.85,0.007663414263503785,0.006428411259736781,0.0
4,0.9,0.005433968887452559,0.0047045960557482586,0.0
5,0.95,0.004107112482637749,0.0036611103407764574,0.0
6,1.0,0.0023650035900226077,0.0006315744959355487,0.0
