,p,mean,std,unvax_aerosol
0,0.7,0.010942112847783169,0.006332529479363997,0.000227925301406679
1,0.75,0.009608376569510742,0.005997290574033341,0.0002144716155352054
2,0.8,0.007358881591594502,0.005437270253259568,0.0001812858570522372
3,0.85,0.006602000845645574,0.004816736604357165,0.00017904357607365827
4,0.9,0.004847917765777392,0.003688548240354135,0.00015258466052642686
5,0.95,0.0035885685854998516,0.0028353805722220408,0.00012343500780490074
6,1.0,0.002322038574383025,0.00038094730593711583,9.338844269194303e-05
