,p,mean,std,unvax_aerosol
0,0.7,0.07013754849584615,0.045863414589242535,0.00021014471395348688
1,0.75,0.057676549976388714,0.04234221645404887,0.00018995088563447153
2,0.8,0.05205474823070179,0.04162886965593501,0.00017882367411174875
3,0.85,0.04193485715054663,0.03567684368323723,0.0001627510352455937
4,0.9,0.03302374894789116,0.0304596869106305,0.00014585415848886654
5,0.95,0.022451540889422274,0.02047345912957776,0.00011494523759241446
6,1.0,0.013551878411902913,0.004349987743833802,8.568479247710651e-05
